No.,Time,Source,Destination,Protocol,Length,Info
13,1.768.467,192.168.0.15,54.163.31.104,MQTT,82,Connect Command
15,1.925.398,54.163.31.104,192.168.0.15,MQTT,58,Connect Ack
16,1.925.736,192.168.0.15,54.163.31.104,MQTT,101,Publish Message [ /motion001eb/attrs]
17,1.925.998,192.168.0.15,54.163.31.104,MQTT,56,Disconnect Req
23,2.081.759,192.168.0.15,54.163.31.104,MQTT,82,Connect Command
25,2.236.507,54.163.31.104,192.168.0.15,MQTT,58,Connect Ack
26,2.236.891,192.168.0.15,54.163.31.104,MQTT,101,Publish Message [ /motion001eb/attrs]
27,2.237.152,192.168.0.15,54.163.31.104,MQTT,56,Disconnect Req
33,2.446.688,192.168.0.15,54.163.31.104,MQTT,82,Connect Command
35,2.603.337,54.163.31.104,192.168.0.15,MQTT,58,Connect Ack
36,2.603.742,192.168.0.15,54.163.31.104,MQTT,101,Publish Message [ /motion001eb/attrs]
37,2.604.004,192.168.0.15,54.163.31.104,MQTT,56,Disconnect Req
43,2.772.171,192.168.0.15,54.163.31.104,MQTT,82,Connect Command
45,2.861.510,54.163.31.104,192.168.0.15,MQTT,58,Connect Ack
46,2.861.847,192.168.0.15,54.163.31.104,MQTT,101,Publish Message [ /motion001eb/attrs]
47,2.862.107,192.168.0.15,54.163.31.104,MQTT,56,Disconnect Req
54,3.014.459,192.168.0.15,54.163.31.104,MQTT,82,Connect Command
56,3.109.492,54.163.31.104,192.168.0.15,MQTT,58,Connect Ack
57,3.109.897,192.168.0.15,54.163.31.104,MQTT,101,Publish Message [ /motion001eb/attrs]
58,3.110.163,192.168.0.15,54.163.31.104,MQTT,56,Disconnect Req
64,3.269.150,192.168.0.15,54.163.31.104,MQTT,82,Connect Command
66,3.378.322,54.163.31.104,192.168.0.15,MQTT,58,Connect Ack
67,3.378.722,192.168.0.15,54.163.31.104,MQTT,101,Publish Message [ /motion001eb/attrs]
68,3.378.992,192.168.0.15,54.163.31.104,MQTT,56,Disconnect Req
74,3.533.058,192.168.0.15,54.163.31.104,MQTT,82,Connect Command
76,3.625.739,54.163.31.104,192.168.0.15,MQTT,58,Connect Ack
77,3.626.232,192.168.0.15,54.163.31.104,MQTT,101,Publish Message [ /motion001eb/attrs]
78,3.626.599,192.168.0.15,54.163.31.104,MQTT,56,Disconnect Req
84,3.788.011,192.168.0.15,54.163.31.104,MQTT,82,Connect Command
86,3.894.466,54.163.31.104,192.168.0.15,MQTT,58,Connect Ack
87,3.894.867,192.168.0.15,54.163.31.104,MQTT,101,Publish Message [ /motion001eb/attrs]
88,3.895.132,192.168.0.15,54.163.31.104,MQTT,56,Disconnect Req
95,4.054.332,192.168.0.15,54.163.31.104,MQTT,82,Connect Command
97,4.173.315,54.163.31.104,192.168.0.15,MQTT,58,Connect Ack
98,4.173.724,192.168.0.15,54.163.31.104,MQTT,101,Publish Message [ /motion001eb/attrs]
99,4.174.186,192.168.0.15,54.163.31.104,MQTT,56,Disconnect Req
106,4.315.912,192.168.0.15,54.163.31.104,MQTT,82,Connect Command
108,4.405.336,54.163.31.104,192.168.0.15,MQTT,58,Connect Ack
109,4.405.744,192.168.0.15,54.163.31.104,MQTT,101,Publish Message [ /motion001eb/attrs]
110,4.406.010,192.168.0.15,54.163.31.104,MQTT,56,Disconnect Req
117,4.546.899,192.168.0.15,54.163.31.104,MQTT,82,Connect Command
119,4.637.958,54.163.31.104,192.168.0.15,MQTT,58,Connect Ack
120,4.638.360,192.168.0.15,54.163.31.104,MQTT,101,Publish Message [ /motion001eb/attrs]
121,4.638.629,192.168.0.15,54.163.31.104,MQTT,56,Disconnect Req
127,4.784.863,192.168.0.15,54.163.31.104,MQTT,82,Connect Command
129,4.875.587,54.163.31.104,192.168.0.15,MQTT,58,Connect Ack
130,4.875.895,192.168.0.15,54.163.31.104,MQTT,101,Publish Message [ /motion001eb/attrs]
131,4.876.128,192.168.0.15,54.163.31.104,MQTT,56,Disconnect Req
138,5.014.043,192.168.0.15,54.163.31.104,MQTT,82,Connect Command
140,5.107.102,54.163.31.104,192.168.0.15,MQTT,58,Connect Ack
141,5.107.294,192.168.0.15,54.163.31.104,MQTT,101,Publish Message [ /motion001eb/attrs]
142,5.107.440,192.168.0.15,54.163.31.104,MQTT,56,Disconnect Req
149,5.236.498,192.168.0.15,54.163.31.104,MQTT,82,Connect Command
151,5.326.137,54.163.31.104,192.168.0.15,MQTT,58,Connect Ack
152,5.326.382,192.168.0.15,54.163.31.104,MQTT,101,Publish Message [ /motion001eb/attrs]
153,5.326.555,192.168.0.15,54.163.31.104,MQTT,56,Disconnect Req
160,5.443.627,192.168.0.15,54.163.31.104,MQTT,82,Connect Command
162,5.545.938,54.163.31.104,192.168.0.15,MQTT,58,Connect Ack
163,5.546.105,192.168.0.15,54.163.31.104,MQTT,101,Publish Message [ /motion001eb/attrs]
164,5.546.227,192.168.0.15,54.163.31.104,MQTT,56,Disconnect Req
171,5.676.941,192.168.0.15,54.163.31.104,MQTT,82,Connect Command
173,5.791.058,54.163.31.104,192.168.0.15,MQTT,58,Connect Ack
174,5.791.467,192.168.0.15,54.163.31.104,MQTT,101,Publish Message [ /motion001eb/attrs]
175,5.791.732,192.168.0.15,54.163.31.104,MQTT,56,Disconnect Req
181,5.960.505,192.168.0.15,54.163.31.104,MQTT,82,Connect Command
183,6.062.582,54.163.31.104,192.168.0.15,MQTT,58,Connect Ack
184,6.062.941,192.168.0.15,54.163.31.104,MQTT,101,Publish Message [ /motion001eb/attrs]
185,6.063.216,192.168.0.15,54.163.31.104,MQTT,56,Disconnect Req
192,6.231.204,192.168.0.15,54.163.31.104,MQTT,82,Connect Command
194,6.338.285,54.163.31.104,192.168.0.15,MQTT,58,Connect Ack
195,6.338.762,192.168.0.15,54.163.31.104,MQTT,101,Publish Message [ /motion001eb/attrs]
196,6.339.185,192.168.0.15,54.163.31.104,MQTT,56,Disconnect Req
203,6.490.066,192.168.0.15,54.163.31.104,MQTT,82,Connect Command
215,6.583.880,54.163.31.104,192.168.0.15,MQTT,58,Connect Ack
216,6.584.164,192.168.0.15,54.163.31.104,MQTT,101,Publish Message [ /motion001eb/attrs]
217,6.584.362,192.168.0.15,54.163.31.104,MQTT,56,Disconnect Req
238,6.718.920,192.168.0.15,54.163.31.104,MQTT,82,Connect Command
255,6.816.792,54.163.31.104,192.168.0.15,MQTT,58,Connect Ack
256,6.819.904,192.168.0.15,54.163.31.104,MQTT,101,Publish Message [ /motion001eb/attrs]
257,6.820.121,192.168.0.15,54.163.31.104,MQTT,56,Disconnect Req
271,6.969.177,192.168.0.15,54.163.31.104,MQTT,82,Connect Command
287,7.059.347,54.163.31.104,192.168.0.15,MQTT,58,Connect Ack
288,7.059.556,192.168.0.15,54.163.31.104,MQTT,101,Publish Message [ /motion001eb/attrs]
289,7.059.692,192.168.0.15,54.163.31.104,MQTT,56,Disconnect Req
306,7.187.623,192.168.0.15,54.163.31.104,MQTT,82,Connect Command
344,7.279.003,54.163.31.104,192.168.0.15,MQTT,58,Connect Ack
345,7.279.888,192.168.0.15,54.163.31.104,MQTT,101,Publish Message [ /motion001eb/attrs]
346,7.280.380,192.168.0.15,54.163.31.104,MQTT,56,Disconnect Req
357,7.548.987,192.168.0.15,54.163.31.104,MQTT,82,Connect Command
364,7.660.538,54.163.31.104,192.168.0.15,MQTT,58,Connect Ack
365,7.660.699,192.168.0.15,54.163.31.104,MQTT,101,Publish Message [ /motion001eb/attrs]
366,7.660.813,192.168.0.15,54.163.31.104,MQTT,56,Disconnect Req
391,7.864.916,192.168.0.15,54.163.31.104,MQTT,82,Connect Command
394,7.971.700,54.163.31.104,192.168.0.15,MQTT,58,Connect Ack
395,7.971.972,192.168.0.15,54.163.31.104,MQTT,101,Publish Message [ /motion001eb/attrs]
396,7.972.171,192.168.0.15,54.163.31.104,MQTT,56,Disconnect Req
404,8.121.282,192.168.0.15,54.163.31.104,MQTT,82,Connect Command
406,8.217.310,54.163.31.104,192.168.0.15,MQTT,58,Connect Ack
407,8.217.525,192.168.0.15,54.163.31.104,MQTT,101,Publish Message [ /motion001eb/attrs]
408,8.217.653,192.168.0.15,54.163.31.104,MQTT,56,Disconnect Req
418,8.343.123,192.168.0.15,54.163.31.104,MQTT,82,Connect Command
425,8.439.984,54.163.31.104,192.168.0.15,MQTT,58,Connect Ack
426,8.440.252,192.168.0.15,54.163.31.104,MQTT,101,Publish Message [ /motion001eb/attrs]
427,8.440.432,192.168.0.15,54.163.31.104,MQTT,56,Disconnect Req
436,8.639.369,192.168.0.15,54.163.31.104,MQTT,82,Connect Command
438,8.737.144,54.163.31.104,192.168.0.15,MQTT,58,Connect Ack
439,8.737.426,192.168.0.15,54.163.31.104,MQTT,101,Publish Message [ /motion001eb/attrs]
440,8.737.596,192.168.0.15,54.163.31.104,MQTT,56,Disconnect Req
447,8.875.221,192.168.0.15,54.163.31.104,MQTT,82,Connect Command
449,8.969.048,54.163.31.104,192.168.0.15,MQTT,58,Connect Ack
450,8.969.332,192.168.0.15,54.163.31.104,MQTT,101,Publish Message [ /motion001eb/attrs]
451,8.969.530,192.168.0.15,54.163.31.104,MQTT,56,Disconnect Req
464,9.094.439,192.168.0.15,54.163.31.104,MQTT,82,Connect Command
499,9.186.080,54.163.31.104,192.168.0.15,MQTT,58,Connect Ack
500,9.186.344,192.168.0.15,54.163.31.104,MQTT,101,Publish Message [ /motion001eb/attrs]
501,9.186.526,192.168.0.15,54.163.31.104,MQTT,56,Disconnect Req
547,9.349.127,192.168.0.15,54.163.31.104,MQTT,82,Connect Command
563,9.441.738,54.163.31.104,192.168.0.15,MQTT,58,Connect Ack
564,9.441.976,192.168.0.15,54.163.31.104,MQTT,101,Publish Message [ /motion001eb/attrs]
565,9.442.125,192.168.0.15,54.163.31.104,MQTT,56,Disconnect Req
597,9.777.835,192.168.0.15,54.163.31.104,MQTT,82,Connect Command
599,9.869.106,54.163.31.104,192.168.0.15,MQTT,58,Connect Ack
600,9.869.284,192.168.0.15,54.163.31.104,MQTT,101,Publish Message [ /motion001eb/attrs]
601,9.869.407,192.168.0.15,54.163.31.104,MQTT,56,Disconnect Req
610,10.003.100,192.168.0.15,54.163.31.104,MQTT,82,Connect Command
612,10.151.311,54.163.31.104,192.168.0.15,MQTT,58,Connect Ack
613,10.151.562,192.168.0.15,54.163.31.104,MQTT,101,Publish Message [ /motion001eb/attrs]
614,10.151.709,192.168.0.15,54.163.31.104,MQTT,56,Disconnect Req
633,10.362.609,192.168.0.15,54.163.31.104,MQTT,82,Connect Command
682,10.487.863,54.163.31.104,192.168.0.15,MQTT,58,Connect Ack
684,10.488.146,192.168.0.15,54.163.31.104,MQTT,101,Publish Message [ /motion001eb/attrs]
685,10.488.263,192.168.0.15,54.163.31.104,MQTT,56,Disconnect Req
841,10.705.045,192.168.0.15,54.163.31.104,MQTT,82,Connect Command
961,10.856.932,54.163.31.104,192.168.0.15,MQTT,58,Connect Ack
962,10.857.132,192.168.0.15,54.163.31.104,MQTT,101,Publish Message [ /motion001eb/attrs]
963,10.857.273,192.168.0.15,54.163.31.104,MQTT,56,Disconnect Req
1201,11.076.443,192.168.0.15,54.163.31.104,MQTT,82,Connect Command
1282,11.209.341,54.163.31.104,192.168.0.15,MQTT,58,Connect Ack
1283,11.209.694,192.168.0.15,54.163.31.104,MQTT,101,Publish Message [ /motion001eb/attrs]
1284,11.209.885,192.168.0.15,54.163.31.104,MQTT,56,Disconnect Req
1377,11.359.634,192.168.0.15,54.163.31.104,MQTT,82,Connect Command
1418,11.476.618,54.163.31.104,192.168.0.15,MQTT,58,Connect Ack
1419,11.476.935,192.168.0.15,54.163.31.104,MQTT,101,Publish Message [ /motion001eb/attrs]
1420,11.477.121,192.168.0.15,54.163.31.104,MQTT,56,Disconnect Req
1430,11.620.581,192.168.0.15,54.163.31.104,MQTT,82,Connect Command
1443,11.712.382,54.163.31.104,192.168.0.15,MQTT,58,Connect Ack
1444,11.712.681,192.168.0.15,54.163.31.104,MQTT,101,Publish Message [ /motion001eb/attrs]
1445,11.712.873,192.168.0.15,54.163.31.104,MQTT,56,Disconnect Req
1453,11.844.238,192.168.0.15,54.163.31.104,MQTT,82,Connect Command
1456,11.940.181,54.163.31.104,192.168.0.15,MQTT,58,Connect Ack
1457,11.940.390,192.168.0.15,54.163.31.104,MQTT,101,Publish Message [ /motion001eb/attrs]
1458,11.940.519,192.168.0.15,54.163.31.104,MQTT,56,Disconnect Req
1499,12.095.141,192.168.0.15,54.163.31.104,MQTT,82,Connect Command
1518,12.199.818,54.163.31.104,192.168.0.15,MQTT,58,Connect Ack
1519,12.200.484,192.168.0.15,54.163.31.104,MQTT,101,Publish Message [ /motion001eb/attrs]
1520,12.200.884,192.168.0.15,54.163.31.104,MQTT,56,Disconnect Req
1529,12.348.050,192.168.0.15,54.163.31.104,MQTT,82,Connect Command
1531,12.452.007,54.163.31.104,192.168.0.15,MQTT,58,Connect Ack
1532,12.452.372,192.168.0.15,54.163.31.104,MQTT,101,Publish Message [ /motion001eb/attrs]
1533,12.452.642,192.168.0.15,54.163.31.104,MQTT,56,Disconnect Req
1540,12.588.516,192.168.0.15,54.163.31.104,MQTT,82,Connect Command
1543,12.687.700,54.163.31.104,192.168.0.15,MQTT,58,Connect Ack
1544,12.687.905,192.168.0.15,54.163.31.104,MQTT,101,Publish Message [ /motion001eb/attrs]
1545,12.688.035,192.168.0.15,54.163.31.104,MQTT,56,Disconnect Req
1553,12.889.012,192.168.0.15,54.163.31.104,MQTT,82,Connect Command
1556,13.002.122,54.163.31.104,192.168.0.15,MQTT,58,Connect Ack
1557,13.002.345,192.168.0.15,54.163.31.104,MQTT,101,Publish Message [ /motion001eb/attrs]
1558,13.002.508,192.168.0.15,54.163.31.104,MQTT,56,Disconnect Req
1566,13.126.130,192.168.0.15,54.163.31.104,MQTT,82,Connect Command
1569,13.226.708,54.163.31.104,192.168.0.15,MQTT,58,Connect Ack
1570,13.226.882,192.168.0.15,54.163.31.104,MQTT,101,Publish Message [ /motion001eb/attrs]
1571,13.227.022,192.168.0.15,54.163.31.104,MQTT,56,Disconnect Req
1578,13.362.582,192.168.0.15,54.163.31.104,MQTT,82,Connect Command
1582,13.457.614,54.163.31.104,192.168.0.15,MQTT,58,Connect Ack
1583,13.457.830,192.168.0.15,54.163.31.104,MQTT,101,Publish Message [ /motion001eb/attrs]
1584,13.457.957,192.168.0.15,54.163.31.104,MQTT,56,Disconnect Req
1596,13.599.591,192.168.0.15,54.163.31.104,MQTT,82,Connect Command
1601,13.703.155,54.163.31.104,192.168.0.15,MQTT,58,Connect Ack
1602,13.703.348,192.168.0.15,54.163.31.104,MQTT,101,Publish Message [ /motion001eb/attrs]
1603,13.703.463,192.168.0.15,54.163.31.104,MQTT,56,Disconnect Req
1626,13.828.089,192.168.0.15,54.163.31.104,MQTT,82,Connect Command
1633,13.938.674,54.163.31.104,192.168.0.15,MQTT,58,Connect Ack
1634,13.938.884,192.168.0.15,54.163.31.104,MQTT,101,Publish Message [ /motion001eb/attrs]
1635,13.939.060,192.168.0.15,54.163.31.104,MQTT,56,Disconnect Req
1652,14.075.431,192.168.0.15,54.163.31.104,MQTT,82,Connect Command
1658,14.170.589,54.163.31.104,192.168.0.15,MQTT,58,Connect Ack
1659,14.170.952,192.168.0.15,54.163.31.104,MQTT,101,Publish Message [ /motion001eb/attrs]
1660,14.171.196,192.168.0.15,54.163.31.104,MQTT,56,Disconnect Req
1683,14.322.067,192.168.0.15,54.163.31.104,MQTT,82,Connect Command
1688,14.416.197,54.163.31.104,192.168.0.15,MQTT,58,Connect Ack
1689,14.416.631,192.168.0.15,54.163.31.104,MQTT,101,Publish Message [ /motion001eb/attrs]
1690,14.416.946,192.168.0.15,54.163.31.104,MQTT,56,Disconnect Req
1709,14.569.320,192.168.0.15,54.163.31.104,MQTT,82,Connect Command
1721,14.675.184,54.163.31.104,192.168.0.15,MQTT,58,Connect Ack
1722,14.675.534,192.168.0.15,54.163.31.104,MQTT,101,Publish Message [ /motion001eb/attrs]
1723,14.675.806,192.168.0.15,54.163.31.104,MQTT,56,Disconnect Req
1743,14.828.531,192.168.0.15,54.163.31.104,MQTT,82,Connect Command
1766,14.984.471,54.163.31.104,192.168.0.15,MQTT,58,Connect Ack
1767,14.985.017,192.168.0.15,54.163.31.104,MQTT,101,Publish Message [ /motion001eb/attrs]
1768,14.985.415,192.168.0.15,54.163.31.104,MQTT,56,Disconnect Req
1780,15.203.394,192.168.0.15,54.163.31.104,MQTT,82,Connect Command
1782,15.303.055,54.163.31.104,192.168.0.15,MQTT,58,Connect Ack
1783,15.304.164,192.168.0.15,54.163.31.104,MQTT,101,Publish Message [ /motion001eb/attrs]
1784,15.304.410,192.168.0.15,54.163.31.104,MQTT,56,Disconnect Req
1816,15.513.566,192.168.0.15,54.163.31.104,MQTT,82,Connect Command
1829,15.648.660,54.163.31.104,192.168.0.15,MQTT,58,Connect Ack
1830,15.649.089,192.168.0.15,54.163.31.104,MQTT,101,Publish Message [ /motion001eb/attrs]
1831,15.649.369,192.168.0.15,54.163.31.104,MQTT,56,Disconnect Req
1844,15.816.027,192.168.0.15,54.163.31.104,MQTT,82,Connect Command
1846,15.941.886,54.163.31.104,192.168.0.15,MQTT,58,Connect Ack
1847,15.942.221,192.168.0.15,54.163.31.104,MQTT,101,Publish Message [ /motion001eb/attrs]
1848,15.942.446,192.168.0.15,54.163.31.104,MQTT,56,Disconnect Req
1860,16.069.076,192.168.0.15,54.163.31.104,MQTT,82,Connect Command
1865,16.158.553,54.163.31.104,192.168.0.15,MQTT,58,Connect Ack
1866,16.158.742,192.168.0.15,54.163.31.104,MQTT,101,Publish Message [ /motion001eb/attrs]
1867,16.158.853,192.168.0.15,54.163.31.104,MQTT,56,Disconnect Req
1876,16.270.956,192.168.0.15,54.163.31.104,MQTT,82,Connect Command
1880,16.367.218,54.163.31.104,192.168.0.15,MQTT,58,Connect Ack
1881,16.368.048,192.168.0.15,54.163.31.104,MQTT,101,Publish Message [ /motion001eb/attrs]
1882,16.368.302,192.168.0.15,54.163.31.104,MQTT,56,Disconnect Req
1895,16.498.916,192.168.0.15,54.163.31.104,MQTT,82,Connect Command
1906,16.589.666,54.163.31.104,192.168.0.15,MQTT,58,Connect Ack
1907,16.589.844,192.168.0.15,54.163.31.104,MQTT,101,Publish Message [ /motion001eb/attrs]
1908,16.589.963,192.168.0.15,54.163.31.104,MQTT,56,Disconnect Req
1923,16.738.779,192.168.0.15,54.163.31.104,MQTT,82,Connect Command
1932,16.863.790,54.163.31.104,192.168.0.15,MQTT,58,Connect Ack
1933,16.864.477,192.168.0.15,54.163.31.104,MQTT,101,Publish Message [ /motion001eb/attrs]
1934,16.865.331,192.168.0.15,54.163.31.104,MQTT,56,Disconnect Req
1992,17.051.978,192.168.0.15,54.163.31.104,MQTT,82,Connect Command
2105,17.250.508,54.163.31.104,192.168.0.15,MQTT,58,Connect Ack
2106,17.250.710,192.168.0.15,54.163.31.104,MQTT,101,Publish Message [ /motion001eb/attrs]
2108,17.250.822,192.168.0.15,54.163.31.104,MQTT,56,Disconnect Req
2428,17.552.153,192.168.0.15,54.163.31.104,MQTT,82,Connect Command
2610,17.728.043,54.163.31.104,192.168.0.15,MQTT,58,Connect Ack
2612,17.728.472,192.168.0.15,54.163.31.104,MQTT,101,Publish Message [ /motion001eb/attrs]
2614,17.728.699,192.168.0.15,54.163.31.104,MQTT,56,Disconnect Req
2758,17.998.535,192.168.0.15,54.163.31.104,MQTT,82,Connect Command
2984,18.243.623,54.163.31.104,192.168.0.15,MQTT,58,Connect Ack
2985,18.243.786,192.168.0.15,54.163.31.104,MQTT,101,Publish Message [ /motion001eb/attrs]
2986,18.243.914,192.168.0.15,54.163.31.104,MQTT,56,Disconnect Req
3059,18.443.882,192.168.0.15,54.163.31.104,MQTT,82,Connect Command
3065,18.542.195,54.163.31.104,192.168.0.15,MQTT,58,Connect Ack
3066,18.542.497,192.168.0.15,54.163.31.104,MQTT,101,Publish Message [ /motion001eb/attrs]
3067,18.542.741,192.168.0.15,54.163.31.104,MQTT,56,Disconnect Req
3099,18.674.087,192.168.0.15,54.163.31.104,MQTT,82,Connect Command
3111,18.786.286,54.163.31.104,192.168.0.15,MQTT,58,Connect Ack
3112,18.786.461,192.168.0.15,54.163.31.104,MQTT,101,Publish Message [ /motion001eb/attrs]
3113,18.786.573,192.168.0.15,54.163.31.104,MQTT,56,Disconnect Req
3127,18.953.167,192.168.0.15,54.163.31.104,MQTT,82,Connect Command
3129,19.073.444,54.163.31.104,192.168.0.15,MQTT,58,Connect Ack
3130,19.073.874,192.168.0.15,54.163.31.104,MQTT,101,Publish Message [ /motion001eb/attrs]
3131,19.074.186,192.168.0.15,54.163.31.104,MQTT,56,Disconnect Req
3140,19.222.945,192.168.0.15,54.163.31.104,MQTT,82,Connect Command
3148,19.319.365,54.163.31.104,192.168.0.15,MQTT,58,Connect Ack
3149,19.319.531,192.168.0.15,54.163.31.104,MQTT,101,Publish Message [ /motion001eb/attrs]
3150,19.319.642,192.168.0.15,54.163.31.104,MQTT,56,Disconnect Req
3182,19.534.768,192.168.0.15,54.163.31.104,MQTT,82,Connect Command
3191,19.647.784,54.163.31.104,192.168.0.15,MQTT,58,Connect Ack
3192,19.648.247,192.168.0.15,54.163.31.104,MQTT,101,Publish Message [ /motion001eb/attrs]
3193,19.648.609,192.168.0.15,54.163.31.104,MQTT,56,Disconnect Req
3213,19.916.897,192.168.0.15,54.163.31.104,MQTT,82,Connect Command
3225,20.112.848,54.163.31.104,192.168.0.15,MQTT,58,Connect Ack
3226,20.113.291,192.168.0.15,54.163.31.104,MQTT,101,Publish Message [ /motion001eb/attrs]
3227,20.113.693,192.168.0.15,54.163.31.104,MQTT,56,Disconnect Req
3264,20.390.878,192.168.0.15,54.163.31.104,MQTT,82,Connect Command
3270,20.559.854,54.163.31.104,192.168.0.15,MQTT,58,Connect Ack
3271,20.560.099,192.168.0.15,54.163.31.104,MQTT,101,Publish Message [ /motion001eb/attrs]
3272,20.560.252,192.168.0.15,54.163.31.104,MQTT,56,Disconnect Req
3293,20.832.537,192.168.0.15,54.163.31.104,MQTT,82,Connect Command
3300,20.950.098,54.163.31.104,192.168.0.15,MQTT,58,Connect Ack
3301,20.950.366,192.168.0.15,54.163.31.104,MQTT,101,Publish Message [ /motion001eb/attrs]
3302,20.950.534,192.168.0.15,54.163.31.104,MQTT,56,Disconnect Req
3318,21.156.422,192.168.0.15,54.163.31.104,MQTT,82,Connect Command
3330,21.360.563,54.163.31.104,192.168.0.15,MQTT,58,Connect Ack
3331,21.360.957,192.168.0.15,54.163.31.104,MQTT,101,Publish Message [ /motion001eb/attrs]
3332,21.361.217,192.168.0.15,54.163.31.104,MQTT,56,Disconnect Req
3340,21.668.918,192.168.0.15,54.163.31.104,MQTT,82,Connect Command
3343,21.914.134,54.163.31.104,192.168.0.15,MQTT,58,Connect Ack
3344,21.914.538,192.168.0.15,54.163.31.104,MQTT,101,Publish Message [ /motion001eb/attrs]
3345,21.914.853,192.168.0.15,54.163.31.104,MQTT,56,Disconnect Req
3353,22.157.378,192.168.0.15,54.163.31.104,MQTT,82,Connect Command
3360,22.451.454,54.163.31.104,192.168.0.15,MQTT,58,Connect Ack
3361,22.451.892,192.168.0.15,54.163.31.104,MQTT,101,Publish Message [ /motion001eb/attrs]
3362,22.452.230,192.168.0.15,54.163.31.104,MQTT,56,Disconnect Req
3374,22.690.807,192.168.0.15,54.163.31.104,MQTT,82,Connect Command
3377,22.834.915,54.163.31.104,192.168.0.15,MQTT,58,Connect Ack
3378,22.835.318,192.168.0.15,54.163.31.104,MQTT,101,Publish Message [ /motion001eb/attrs]
3379,22.835.577,192.168.0.15,54.163.31.104,MQTT,56,Disconnect Req
3392,23.003.988,192.168.0.15,54.163.31.104,MQTT,82,Connect Command
3394,23.127.282,54.163.31.104,192.168.0.15,MQTT,58,Connect Ack
3395,23.127.453,192.168.0.15,54.163.31.104,MQTT,101,Publish Message [ /motion001eb/attrs]
3396,23.127.568,192.168.0.15,54.163.31.104,MQTT,56,Disconnect Req
3402,23.269.349,192.168.0.15,54.163.31.104,MQTT,82,Connect Command
3404,23.387.503,54.163.31.104,192.168.0.15,MQTT,58,Connect Ack
3405,23.387.930,192.168.0.15,54.163.31.104,MQTT,101,Publish Message [ /motion001eb/attrs]
3406,23.388.221,192.168.0.15,54.163.31.104,MQTT,56,Disconnect Req
3414,23.653.461,192.168.0.15,54.163.31.104,MQTT,82,Connect Command
3416,23.795.019,54.163.31.104,192.168.0.15,MQTT,58,Connect Ack
3417,23.795.193,192.168.0.15,54.163.31.104,MQTT,101,Publish Message [ /motion001eb/attrs]
3418,23.795.311,192.168.0.15,54.163.31.104,MQTT,56,Disconnect Req
3425,23.922.796,192.168.0.15,54.163.31.104,MQTT,82,Connect Command
3434,24.039.080,54.163.31.104,192.168.0.15,MQTT,58,Connect Ack
3435,24.039.529,192.168.0.15,54.163.31.104,MQTT,101,Publish Message [ /motion001eb/attrs]
3436,24.039.857,192.168.0.15,54.163.31.104,MQTT,56,Disconnect Req
3449,24.302.185,192.168.0.15,54.163.31.104,MQTT,82,Connect Command
3462,24.476.571,54.163.31.104,192.168.0.15,MQTT,58,Connect Ack
3463,24.477.009,192.168.0.15,54.163.31.104,MQTT,101,Publish Message [ /motion001eb/attrs]
3464,24.477.347,192.168.0.15,54.163.31.104,MQTT,56,Disconnect Req
3476,24.634.765,192.168.0.15,54.163.31.104,MQTT,82,Connect Command
3482,24.770.490,54.163.31.104,192.168.0.15,MQTT,58,Connect Ack
3483,24.770.769,192.168.0.15,54.163.31.104,MQTT,101,Publish Message [ /motion001eb/attrs]
3484,24.770.931,192.168.0.15,54.163.31.104,MQTT,56,Disconnect Req
3524,24.993.590,192.168.0.15,54.163.31.104,MQTT,82,Connect Command
3529,25.092.301,54.163.31.104,192.168.0.15,MQTT,58,Connect Ack
3530,25.092.564,192.168.0.15,54.163.31.104,MQTT,101,Publish Message [ /motion001eb/attrs]
3531,25.092.726,192.168.0.15,54.163.31.104,MQTT,56,Disconnect Req
3556,25.269.125,192.168.0.15,54.163.31.104,MQTT,82,Connect Command
3568,25.368.065,54.163.31.104,192.168.0.15,MQTT,58,Connect Ack
3569,25.368.473,192.168.0.15,54.163.31.104,MQTT,101,Publish Message [ /motion001eb/attrs]
3570,25.368.777,192.168.0.15,54.163.31.104,MQTT,56,Disconnect Req
3583,25.538.449,192.168.0.15,54.163.31.104,MQTT,82,Connect Command
3586,25.634.772,54.163.31.104,192.168.0.15,MQTT,58,Connect Ack
3587,25.635.069,192.168.0.15,54.163.31.104,MQTT,101,Publish Message [ /motion001eb/attrs]
3588,25.635.247,192.168.0.15,54.163.31.104,MQTT,56,Disconnect Req
3595,25.815.071,192.168.0.15,54.163.31.104,MQTT,82,Connect Command
3597,25.911.138,54.163.31.104,192.168.0.15,MQTT,58,Connect Ack
3598,25.911.561,192.168.0.15,54.163.31.104,MQTT,101,Publish Message [ /motion001eb/attrs]
3599,25.911.833,192.168.0.15,54.163.31.104,MQTT,56,Disconnect Req
3605,26.101.032,192.168.0.15,54.163.31.104,MQTT,82,Connect Command
3609,26.193.194,54.163.31.104,192.168.0.15,MQTT,58,Connect Ack
3610,26.193.577,192.168.0.15,54.163.31.104,MQTT,101,Publish Message [ /motion001eb/attrs]
3611,26.193.847,192.168.0.15,54.163.31.104,MQTT,56,Disconnect Req
3617,26.349.744,192.168.0.15,54.163.31.104,MQTT,82,Connect Command
3619,26.439.455,54.163.31.104,192.168.0.15,MQTT,58,Connect Ack
3620,26.439.798,192.168.0.15,54.163.31.104,MQTT,101,Publish Message [ /motion001eb/attrs]
3621,26.440.060,192.168.0.15,54.163.31.104,MQTT,56,Disconnect Req
3627,26.667.163,192.168.0.15,54.163.31.104,MQTT,82,Connect Command
3630,26.894.607,54.163.31.104,192.168.0.15,MQTT,58,Connect Ack
3631,26.895.016,192.168.0.15,54.163.31.104,MQTT,101,Publish Message [ /motion001eb/attrs]
3632,26.895.504,192.168.0.15,54.163.31.104,MQTT,56,Disconnect Req
3641,27.113.333,192.168.0.15,54.163.31.104,MQTT,82,Connect Command
3773,27.223.606,54.163.31.104,192.168.0.15,MQTT,58,Connect Ack
3775,27.224.105,192.168.0.15,54.163.31.104,MQTT,101,Publish Message [ /motion001eb/attrs]
3777,27.224.459,192.168.0.15,54.163.31.104,MQTT,56,Disconnect Req
4056,27.567.536,192.168.0.15,54.163.31.104,MQTT,82,Connect Command
5132,28.705.853,54.163.31.104,192.168.0.15,MQTT,58,Connect Ack
5133,28.706.188,192.168.0.15,54.163.31.104,MQTT,101,Publish Message [ /motion001eb/attrs]
5134,28.706.423,192.168.0.15,54.163.31.104,MQTT,56,Disconnect Req
6088,29.850.418,192.168.0.15,54.163.31.104,MQTT,82,Connect Command
6109,29.941.328,54.163.31.104,192.168.0.15,MQTT,58,Connect Ack
6110,29.941.818,192.168.0.15,54.163.31.104,MQTT,101,Publish Message [ /motion001eb/attrs]
6111,29.942.168,192.168.0.15,54.163.31.104,MQTT,56,Disconnect Req
6136,30.106.728,192.168.0.15,54.163.31.104,MQTT,82,Connect Command
6144,30.197.627,54.163.31.104,192.168.0.15,MQTT,58,Connect Ack
6145,30.198.006,192.168.0.15,54.163.31.104,MQTT,101,Publish Message [ /motion001eb/attrs]
6146,30.198.269,192.168.0.15,54.163.31.104,MQTT,56,Disconnect Req
6167,30.343.897,192.168.0.15,54.163.31.104,MQTT,82,Connect Command
6171,30.436.721,54.163.31.104,192.168.0.15,MQTT,58,Connect Ack
6172,30.436.960,192.168.0.15,54.163.31.104,MQTT,101,Publish Message [ /motion001eb/attrs]
6173,30.437.128,192.168.0.15,54.163.31.104,MQTT,56,Disconnect Req
6180,30.571.189,192.168.0.15,54.163.31.104,MQTT,82,Connect Command
6182,30.673.602,54.163.31.104,192.168.0.15,MQTT,58,Connect Ack
6183,30.674.006,192.168.0.15,54.163.31.104,MQTT,101,Publish Message [ /motion001eb/attrs]
6184,30.674.283,192.168.0.15,54.163.31.104,MQTT,56,Disconnect Req
6190,30.819.424,192.168.0.15,54.163.31.104,MQTT,82,Connect Command
6192,30.911.198,54.163.31.104,192.168.0.15,MQTT,58,Connect Ack
6193,30.911.563,192.168.0.15,54.163.31.104,MQTT,101,Publish Message [ /motion001eb/attrs]
6194,30.911.828,192.168.0.15,54.163.31.104,MQTT,56,Disconnect Req
7289,32.080.112,192.168.0.15,54.163.31.104,MQTT,82,Connect Command
7385,32.183.802,54.163.31.104,192.168.0.15,MQTT,58,Connect Ack
7386,32.184.258,192.168.0.15,54.163.31.104,MQTT,101,Publish Message [ /motion001eb/attrs]
7387,32.184.590,192.168.0.15,54.163.31.104,MQTT,56,Disconnect Req
7486,32.333.807,192.168.0.15,54.163.31.104,MQTT,82,Connect Command
7491,32.424.246,54.163.31.104,192.168.0.15,MQTT,58,Connect Ack
7492,32.424.676,192.168.0.15,54.163.31.104,MQTT,101,Publish Message [ /motion001eb/attrs]
7493,32.425.154,192.168.0.15,54.163.31.104,MQTT,56,Disconnect Req
7504,32.580.171,192.168.0.15,54.163.31.104,MQTT,82,Connect Command
7506,32.668.639,54.163.31.104,192.168.0.15,MQTT,58,Connect Ack
7507,32.669.058,192.168.0.15,54.163.31.104,MQTT,101,Publish Message [ /motion001eb/attrs]
7508,32.669.336,192.168.0.15,54.163.31.104,MQTT,56,Disconnect Req
7523,32.813.752,192.168.0.15,54.163.31.104,MQTT,82,Connect Command
7532,32.903.275,54.163.31.104,192.168.0.15,MQTT,58,Connect Ack
7534,32.903.718,192.168.0.15,54.163.31.104,MQTT,101,Publish Message [ /motion001eb/attrs]
7535,32.904.073,192.168.0.15,54.163.31.104,MQTT,56,Disconnect Req
7543,33.059.892,192.168.0.15,54.163.31.104,MQTT,82,Connect Command
7545,33.150.142,54.163.31.104,192.168.0.15,MQTT,58,Connect Ack
7546,33.150.540,192.168.0.15,54.163.31.104,MQTT,101,Publish Message [ /motion001eb/attrs]
7547,33.150.988,192.168.0.15,54.163.31.104,MQTT,56,Disconnect Req
7558,33.305.903,192.168.0.15,54.163.31.104,MQTT,82,Connect Command
7565,33.398.816,54.163.31.104,192.168.0.15,MQTT,58,Connect Ack
7566,33.399.204,192.168.0.15,54.163.31.104,MQTT,101,Publish Message [ /motion001eb/attrs]
7567,33.399.466,192.168.0.15,54.163.31.104,MQTT,56,Disconnect Req
7579,33.550.061,192.168.0.15,54.163.31.104,MQTT,82,Connect Command
7581,33.645.471,54.163.31.104,192.168.0.15,MQTT,58,Connect Ack
7582,33.645.878,192.168.0.15,54.163.31.104,MQTT,101,Publish Message [ /motion001eb/attrs]
7583,33.646.147,192.168.0.15,54.163.31.104,MQTT,56,Disconnect Req
7598,33.794.330,192.168.0.15,54.163.31.104,MQTT,82,Connect Command
7610,33.885.905,54.163.31.104,192.168.0.15,MQTT,58,Connect Ack
7613,33.886.393,192.168.0.15,54.163.31.104,MQTT,101,Publish Message [ /motion001eb/attrs]
7614,33.886.779,192.168.0.15,54.163.31.104,MQTT,56,Disconnect Req